Chr4	AT4G14210.1	8194638	8194660	+	TGTCTTAAGCGCTTGAGAAGTGG	16	0	0	1
Chr4	AT4G14210.1	8194639	8194661	+	GTCTTAAGCGCTTGAGAAGTGGG	17	0	0	0
Chr4	AT4G14210.1	8194711	8194733	+	TCCAAAAACCCGTTTTGATAAGG	15	0	0	0
Chr4	AT4G14210.1	8194395	8194417	+	ACAACTTTCAAAGGCTTAGCAGG	16	1	0	2
Chr4	AT4G14210.1	8194411	8194433	+	TAGCAGGACGAGGAGCACTACGG	5	0	0	0
Chr4	AT4G14210.1	8194415	8194437	+	AGGACGAGGAGCACTACGGAAGG	2	0	0	0
Chr4	AT4G14210.1	8194467	8194489	+	TTGACAGTGTTCTCTAGCTCTGG	24	3	0	5
Chr4	AT4G14210.1	8194473	8194495	+	GTGTTCTCTAGCTCTGGCCTTGG	11	0	0	1
Chr4	AT4G14210.1	8194220	8194242	+	CTTCAAGCAACAGAGGTTTGTGG	48	5	0	14
Chr4	AT4G14210.1	8194235	8194257	+	GTTTGTGGCCTGCATCAGCCAGG	8	2	0	0
Chr4	AT4G14210.1	8193736	8193758	+	CATCCTTCCATGCAGCTATCTGG	9	2	0	0
Chr4	AT4G14210.1	8193351	8193373	+	TTTATTCTCTCACCATTTAAGGG	15	0	0	4
Chr4	AT4G14210.1	8193361	8193383	+	CACCATTTAAGGGTGCTGGTAGG	10	0	0	3
Chr4	AT4G14210.1	8193369	8193391	+	AAGGGTGCTGGTAGGACATCTGG	6	0	0	1
Chr4	AT4G14210.1	8193370	8193392	+	AGGGTGCTGGTAGGACATCTGGG	6	0	0	1
Chr4	AT4G14210.1	8193396	8193418	+	TCAAATCTACTAAATTCTCCAGG	11	0	0	3
Chr4	AT4G14210.1	8193405	8193427	+	CTAAATTCTCCAGGTTTACTTGG	20	0	0	3
Chr4	AT4G14210.1	8192699	8192721	+	ATAAGCCTGACCGCCGACCATGG	5	0	0	0
Chr4	AT4G14210.1	8192703	8192725	+	GCCTGACCGCCGACCATGGCTGG	5	0	0	2
Chr4	AT4G14210.1	8192334	8192356	+	CATTGCATTGACAGTTCATCAGG	18	1	0	4
Chr4	AT4G14210.1	8192335	8192357	+	ATTGCATTGACAGTTCATCAGGG	13	1	0	1
Chr4	AT4G14210.1	8192381	8192403	+	CATGGCAATAAACACCTCGTCGG	9	0	0	2
Chr4	AT4G14210.1	8192394	8192416	+	ACCTCGTCGGTCACGCGCTCAGG	4	0	0	0
Chr4	AT4G14210.1	8191932	8191954	+	GATCGAATATGATCCACTACTGG	8	1	0	3
Chr4	AT4G14210.1	8191950	8191972	+	ACTGGCATACAAAGCCTTTCCGG	26	4	0	5
Chr4	AT4G14210.1	8191953	8191975	+	GGCATACAAAGCCTTTCCGGAGG	7	0	0	2
Chr4	AT4G14210.1	8191979	8192001	+	ACCATCCAAGAATGCCATCTTGG	18	0	0	3
Chr4	AT4G14210.1	8191616	8191638	+	CATATATGAACATTAATAACTGG	42	8	0	15
Chr4	AT4G14210.1	8191652	8191674	+	TTATCCAATTTCTTGAAGTACGG	67	1	0	8
Chr4	AT4G14210.1	8191666	8191688	+	GAAGTACGGTATTTCTTTCCAGG	44	4	0	4
Chr4	AT4G14210.1	8191673	8191695	+	GGTATTTCTTTCCAGGGATCTGG	13	0	0	5
Chr4	AT4G14210.1	8191465	8191487	+	AAATTCACCTGCTAAAGAGTAGG	26	0	0	4
Chr4	AT4G14210.1	8191269	8191291	+	TGTCGGCATACACGCTCAGAAGG	11	0	0	0
Chr4	AT4G14210.1	8190911	8190933	+	ACCTTGGAGTCTTAACGACATGG	20	0	0	2
Chr4	AT4G14210.1	8191061	8191083	+	ATACTAGCTCCAGCATTGACCGG	9	0	0	3
Chr4	AT4G14210.1	8190687	8190709	+	AGAGAGGACAGCGCCTTCCATGG	5	0	0	1
Chr4	AT4G14210.1	8190742	8190764	+	GCTAAGTAGAATCCTTCAATAGG	35	1	0	7
Chr4	AT4G14210.1	8190766	8190788	+	GATCTTTGTAGAGGACGACATGG	15	0	0	2
Chr4	AT4G14210.1	8190783	8190805	+	ACATGGTTCACAGTTTGGGATGG	14	1	0	8
