Chr4	AT4G14210.1	8194612	8194634	-	ACAAGGAGGAGGAGTACTGCTGG	10	0	0	0
Chr4	AT4G14210.1	8194664	8194686	-	ACTAATGGGACATAGCTTTAGGG	12	1	0	6
Chr4	AT4G14210.1	8194678	8194700	-	TCTGGAGGTTGTGAACTAATGGG	38	8	0	10
Chr4	AT4G14210.1	8194693	8194715	-	TTGGAGGCACTTTCATCTGGAGG	20	2	0	1
Chr4	AT4G14210.1	8194712	8194734	-	GCCTTATCAAAACGGGTTTTTGG	68	0	0	4
Chr4	AT4G14210.1	8194742	8194764	-	TGTGTTTGGGAATGTTTCTGCGG	38	5	0	6
Chr4	AT4G14210.1	8194490	8194512	-	TAGTTTGTGTGGATATTCCAAGG	22	1	0	5
Chr4	AT4G14210.1	8194501	8194523	-	GAAATTGCAGGTAGTTTGTGTGG	17	0	0	5
Chr4	AT4G14210.1	8194243	8194265	-	GCAAAGTACCTGGCTGATGCAGG	7	0	0	0
Chr4	AT4G14210.1	8194253	8194275	-	ATTGTCAACTGCAAAGTACCTGG	7	0	0	3
Chr4	AT4G14210.1	8194280	8194302	-	CTCTCAAATAATTGCAGGATTGG	23	4	0	7
Chr4	AT4G14210.1	8193711	8193733	-	GATGGGGACTGGTATGAGACTGG	10	0	0	4
Chr4	AT4G14210.1	8193722	8193744	-	GGAAGGATGAAGATGGGGACTGG	15	1	0	1
Chr4	AT4G14210.1	8193739	8193761	-	CCTCCAGATAGCTGCATGGAAGG	4	1	0	3
Chr4	AT4G14210.1	8193743	8193765	-	TCTTCCTCCAGATAGCTGCATGG	15	1	0	7
Chr4	AT4G14210.1	8193363	8193385	-	GTCCTACCAGCACCCTTAAATGG	12	0	0	0
Chr4	AT4G14210.1	8193414	8193436	-	TTTGCTATGCCAAGTAAACCTGG	10	0	0	3
Chr4	AT4G14210.1	8193455	8193477	-	GGATCAATGATCGGTTGCAGTGG	19	0	0	0
Chr4	AT4G14210.1	8193464	8193486	-	GAGAACTTGGGATCAATGATCGG	31	1	0	5
Chr4	AT4G14210.1	8192704	8192726	-	GCCAGCCATGGTCGGCGGTCAGG	2	0	0	0
Chr4	AT4G14210.1	8192709	8192731	-	CTTTTGCCAGCCATGGTCGGCGG	4	0	0	2
Chr4	AT4G14210.1	8192712	8192734	-	GGACTTTTGCCAGCCATGGTCGG	8	0	0	0
Chr4	AT4G14210.1	8192716	8192738	-	TATTGGACTTTTGCCAGCCATGG	22	1	0	3
Chr4	AT4G14210.1	8192759	8192781	-	GGAACAACGAGATGCTGACATGG	32	0	0	1
Chr4	AT4G14210.1	8192780	8192802	-	TAGGTATTTGGGCTATTTTGCGG	17	1	0	7
Chr4	AT4G14210.1	8192395	8192417	-	ACCTGAGCGCGTGACCGACGAGG	16	0	0	0
Chr4	AT4G14210.1	8191800	8191822	-	GCTTATGTGTTTGCCGCTCCAGG	5	0	0	0
Chr4	AT4G14210.1	8191827	8191849	-	ACTAATGGAAGCACTGTCGAAGG	10	1	0	4
Chr4	AT4G14210.1	8191842	8191864	-	AAGAGTTTCTTACTCACTAATGG	11	1	0	5
Chr4	AT4G14210.1	8191867	8191889	-	TGAGCTCAATGACGATGGCACGG	28	0	0	2
Chr4	AT4G14210.1	8191872	8191894	-	AAAATTGAGCTCAATGACGATGG	10	1	0	6
Chr4	AT4G14210.1	8191901	8191923	-	GGGAAGTGCAACTTAATTCTAGG	29	4	0	3
Chr4	AT4G14210.1	8191921	8191943	-	TCATATTCGATCACTAGGTGGGG	26	2	0	3
Chr4	AT4G14210.1	8191922	8191944	-	ATCATATTCGATCACTAGGTGGG	7	0	0	1
Chr4	AT4G14210.1	8191923	8191945	-	GATCATATTCGATCACTAGGTGG	24	27	0	2
Chr4	AT4G14210.1	8191945	8191967	-	AAGGCTTTGTATGCCAGTAGTGG	7	0	0	1
Chr4	AT4G14210.1	8191964	8191986	-	TGGATGGTAATCCTCCGGAAAGG	9	0	0	3
Chr4	AT4G14210.1	8191969	8191991	-	ATTCTTGGATGGTAATCCTCCGG	25	1	0	2
Chr4	AT4G14210.1	8191984	8192006	-	TGGTTCCAAGATGGCATTCTTGG	26	1	0	5
Chr4	AT4G14210.1	8191993	8192015	-	GGAAAAACATGGTTCCAAGATGG	37	5	0	9
Chr4	AT4G14210.1	8191472	8191494	-	ATGATCACCTACTCTTTAGCAGG	5	3	0	6
Chr4	AT4G14210.1	8191080	8191102	-	AGGAATATTACGATCCTAACCGG	3	0	0	0
Chr4	AT4G14210.1	8190704	8190726	-	ACAGAAGTACTTAGCTTCCATGG	25	2	0	7
Chr4	AT4G14210.1	8190754	8190776	-	CTACAAAGATCACCTATTGAAGG	20	2	0	4
Chr4	AT4G14210.1	8190466	8190488	-	TACGAGCTACTGGCTGCGTCTGG	6	0	0	0
Chr4	AT4G14210.1	8190476	8190498	-	TATACAGGATTACGAGCTACTGG	5	0	0	4
